ISIN	Sector	Ticker
US00206R1023	Communication	T
US4581401001	Information Technology	INTC
US4592001014	Information Technology	IBM
US7170811035	Health Care	PFE
US0605051046	Financials	BAC
US5951121038	Information Technology	MU
US1667641005	Energy	CVX
US37045V1008	Consumer Discretionary	GM
US1729674242	Financials	C
US9314271084	Consumer Staples	WBA
US0028241000	Health Care	ABT
IE00BTN1Y115	Health Care	MDT
US8835561023	Health Care	TMO
US2358511028	Health Care	DHR
US0758871091	Health Care	BDX
US46120E6023	Health Care	ISRG
US8636671013	Health Care	SYK
US1011371077	Health Care	BSX
US28176E1082	Health Care	EW
US0718131099	Health Care	BAX
US98956P1021	Health Care	ZBH
US45168D1046	Health Care	IDXX
US4781601046	Health Care	JNJ
CH0012005267	Health Care	NOVN
US91324P1021	Health Care	UNH
US58933Y1055	Health Care	MRK
CH0012032048	Health Care	ROG
US0311621009	Health Care	AMGN
US00287Y1091	Health Care	ABBV
GB0009895292	Health Care	AZN
CH0038863350	Consumer Staples	NESN
US7427181091	Consumer Staples	PG
US1912161007	Consumer Staples	KO
US9311421039	Consumer Staples	WMT
US7134481081	Consumer Staples	PEP
US7181721090	Consumer Staples	PM
US22160K1051	Consumer Staples	COST
NL0000388619	Consumer Staples	UNA
GB0002374006	Consumer Staples	DGE
BE0974293251	Consumer Staples	ABI
US02209S1033	Consumer Staples	MO
GB0002875804	Consumer Staples	BATS
US6092071058	Consumer Staples	MDLZ
GB00B10RZP78	Consumer Staples	ULVR
FR0000120321	Consumer Staples	OR
US83417M1045	Information Technology	SEDG
NZCENE0001S6	Utilities	CEN
NZMELE0002S7	Utilities	MEL
US6866881021	Utilities	ORA
US3364331070	Information Technology	FSLR
AT0000746409	Utilities	VER
DK0010268606	Industrials	VWS
ES0143416115	Industrials	SGRE
US2044096012	Utilities	CIG
HK0257001336	Industrials	257
US70338P1003	Utilities	PEGI
US22282E1029	Industrials	CVA
CNE100000HD4	Utilities	916
US86771W1053	Industrials	RUN
US29355A1079	Information Technology	ENPH
CNE100000WS1	Utilities	958
GB00BLP5YB54	Utilities	AY
KYG9829N1025	Information Technology	968
US20441B4077	Utilities	ELP
CA45790B1040	Utilities	INE
US88104R2094	Utilities	TERP
CA09950M3003	Utilities	BLX
DE000A0D6554	Industrials	NDX1
CA1366351098	Information Technology	CSIQ
SE0000108656	Information Technology	ERIC B
SE0000115446	Industrials	VOLV B
SE0007100581	Industrials	ASSA B
FI4000297767	Financials	NDA SE
SE0000107419	Financials	INVE B
SE0011166610	Industrials	ATCO A
SE0000667891	Industrials	SAND
SE0009922164	Consumer Staples	ESSITY B
SE0000103699	Information Technology	HEXA B
SE0000106270	Consumer Discretionary	HM B
SE0000148884	Financials	SEB A
SE0007100599	Financials	SHB A
SE0000667925	Communication	TELIA
SE0000242455	Financials	SWED A
SE0011166628	Industrials	ATCO B
SE0000310336	Consumer Staples	SWMA
US0846707026	Financials	BRKB
US46625H1005	Financials	JPM
US9497461015	Financials	WFC
US0258161092	Financials	AXP
US9029733048	Financials	USB
US12572Q1058	Financials	CME
US38141G1040	Financials	GS
CH0044328745	Financials	CB
US58733R1023	Consumer Discretionary	MELI
LU0156801721	Energy	TEN
LU0974299876	Information Technology	GLOB
US05961W1053	Financials	BMA
US3999091008	Financials	GGAL
US9842451000	Energy	YPF
US8792732096	Communication	TEO
US6976602077	Utilities	PAM
US8938702045	Energy	TGS
US07329M1009	Financials	BBAR
US1550382014	Utilities	CEPU
VGG0457F1071	Consumer Discretionary	ARCO
US54150E1047	Materials	LOMA
CA7847301032	Materials	SSRM
LU0584671464	Consumer Staples	AGRO
US40054A1088	Financials	SUPV
CA6979001089	Materials	PAAS
CL0000000100	Consumer Staples	CENCOSUD
VGG273581030	Consumer Discretionary	DESP
AU000000CSR5	Materials	CSR
AU000000HVN7	Consumer Discretionary	HVN
BMG6901M1010	Consumer Discretionary	709
AU000000NAB4	Financials	NAB
AU000000BEN6	Financials	BEN
AU000000SUL0	Consumer Discretionary	SUL
AU000000JBH7	Consumer Discretionary	JBH
AU000000WBC1	Financials	WBC
AU000000PPT9	Financials	PPT
NZTELE0001S4	Communication	SPK
SG1T75931496	Communication	Z74
BMG9400S1329	Information Technology	303
HK0008011667	Communication	8
AU000000CBA7	Financials	CBA
NZSKCE0001S2	Consumer Discretionary	SKC
AU000000MMS5	Industrials	MMS
AU000000AST5	Utilities	AST
AU000000SYD9	Industrials	SYD
AU000000BLD2	Materials	BLD
AU000000ANZ3	Financials	ANZ
AU000000WPL2	Energy	WPL
HK0006000050	Utilities	6
SG1V12936232	Communication	CC3
BMG4232X1020	Financials	665
JP3814800003	Consumer Discretionary	7270
JP3672400003	Consumer Discretionary	7201
SG1L01001701	Financials	D05
HK0000179108	Utilities	2638
JP3897700005	Materials	4188
JP3386030005	Materials	5411
IT0003128367	Utilities	ENEL
IT0003132476	Energy	ENI
IT0000072618	Financials	ISP
IT0005239360	Financials	UCG
NL0011585146	Consumer Discretionary	RACE
NL0010877643	Consumer Discretionary	FCA
IT0003506190	Industrials	ATL
IT0000062072	Financials	G
NL0010545661	Industrials	CNHI
IT0003153415	Utilities	SRG
IT0003242622	Utilities	TRN
NL0012059018	Financials	EXO
IT0004965148	Consumer Discretionary	MONC
IT0000062957	Financials	MB
IT0003796171	Financials	PST
IT0005252207	Consumer Staples	CPR
IT0003856405	Industrials	LDO
IT0003497168	Communication	TIT
CH0011075394	Financials	ZURN
CH0244767585	Financials	UBSG
CH0210483332	Consumer Discretionary	CFR
CH0012221716	Industrials	ABBN
CH0126881561	Financials	SREN
CH0012138530	Financials	CSGN
CH0010645932	Materials	GIVN
CH0013841017	Health Care	LONN
CH0012214059	Materials	LHN
US5324571083	Health Care	LLY
US3755581036	Health Care	GILD
US6558441084	Industrials	NSC
US9078181081	Industrials	UNP
US31428X1063	Industrials	FDX
US4851703029	Industrials	KSU
US5150981018	Industrials	LSTR
US9113121068	Industrials	UPS
US4456581077	Industrials	JBHT
US9100471096	Industrials	UAL
US12541W2098	Industrials	CHRW
US1264081035	Industrials	CSX
US4972661064	Industrials	KEX
US3021301094	Industrials	EXPD
US0116591092	Industrials	ALK
US2473617023	Industrials	DAL
US7835491082	Industrials	R
US8447411088	Industrials	LUV
US57686G1058	Industrials	MATX
US0537741052	Industrials	CAR
US23331A1097	Consumer Discretionary	DHI
US5260571048	Consumer Discretionary	LEN
US62944T1051	Consumer Discretionary	NVR
US7458671010	Consumer Discretionary	PHM
US5486611073	Consumer Discretionary	LOW
US4370761029	Consumer Discretionary	HD
US8243481061	Materials	SHW
US8894781033	Consumer Discretionary	TOL
US5745991068	Industrials	MAS
US5261071071	Industrials	LII
US6081901042	Consumer Discretionary	MHK
US89055F1030	Consumer Discretionary	BLD
US34964C1062	Industrials	FBHS
TH0646010R18	Energy	PTT.R
TH0737010R15	Consumer Staples	CPALL.R
TH0003010R12	Materials	SCC.R
TH0765010R16	Industrials	AOT.R
TH0268010R11	Communication	ADVANC.R
TH0264010R10	Health Care	BDMS.R
TH0016010017	Financials	KBANK.F
TH0355010R16	Energy	PTTEP.R
TH0481010R10	Real Estate	CPN.R
TH0016010R14	Financials	KBANK.R
TH1074010R12	Materials	PTTGC.R
TH0201010R12	Communication	INTUCH.R
US30231G1022	Energy	XOM
US17275R1023	Information Technology	CSCO
US92343V1044	Communication	VZ
US5949181045	Information Technology	MSFT
US0378331005	Information Technology	AAPL
US0231351067	Consumer Discretionary	AMZN
US30303M1027	Communication	FB
US92826C8394	Information Technology	V
US02079K3059	Communication	GOOGL
US57636Q1040	Information Technology	MA
US02079K1079	Communication	GOOG
US6934751057	Financials	PNC
US55261F1049	Financials	MTB
US3167731005	Financials	FITB
US0549371070	Financials	BBT
US8679141031	Financials	STI
US4932671088	Financials	KEY
US33616C1009	Financials	FRC
US1746101054	Financials	CFG
US7591EP1005	Financials	RF
US4461501045	Financials	HBAN
US78486Q1013	Financials	SIVB
US2003401070	Financials	CMA
HK0000069689	Financials	1299
HK0388045442	Financials	388
HK0016000132	Real Estate	16
KYG217651051	Industrials	1
HK0823032773	Real Estate	823
HK0003000038	Utilities	3
KYG2177B1014	Real Estate	1113
HK0011000095	Financials	11
HK0002007356	Utilities	2
HK0027032686	Consumer Discretionary	27
HK2388011192	Financials	2388
BMG507361001	Industrials	J36
KYG7800X1079	Consumer Discretionary	1928
DK0060534915	Health Care	NOVO B
DK0060079531	Industrials	DSV
DK0060094928	Utilities	ORSTED
DK0010181759	Consumer Staples	CARL B
DK0060448595	Health Care	COLO B
DK0010272202	Health Care	GEN
DK0010274414	Financials	DANSKE
DK0060336014	Materials	NZYM B
DK0060227585	Materials	CHR
DK0010244508	Industrials	MAERSK B
DK0010272632	Health Care	GN
US0404131064	Information Technology	ANET
US6200763075	Information Technology	MSI
US8725901040	Communication	TMUS
US1567001060	Communication	CTL
CH0114405324	Consumer Discretionary	GRMN
US48203R1041	Information Technology	JNPR
US3156161024	Information Technology	FFIV
US98919V1052	Communication	ZAYO
US1717793095	Information Technology	CIEN
US36164V3050	Communication	GLIBA
BRITUBACNPR1	Financials	ITUB4
BRVALEACNOR0	Materials	VALE3
BRBBDCACNPR8	Financials	BBDC4
BRPETRACNPR6	Energy	PETR4
BRPETRACNOR9	Energy	PETR3
BRABEVACNOR1	Consumer Staples	ABEV3
BRB3SAACNOR6	Financials	B3SA3
BRITSAACNPR7	Financials	ITSA4
BRBBASACNOR3	Financials	BBAS3
BRBBDCACNOR1	Financials	BBDC3
BRLRENACNOR1	Consumer Discretionary	LREN3
PLPKO0000016	Financials	PKO
PLPKN0000018	Energy	PKN
PLPZU0000011	Financials	PZU
PLPEKAO00016	Financials	PEO
PLKGHM000017	Materials	KGH
PLOPTTC00011	Communication	CDR
PLBZ00000044	Financials	SPL
PLLPP0000011	Consumer Discretionary	LPP
PLPGNIG00014	Energy	PGN
PLPGER000010	Utilities	PGE
PLLOTOS00025	Energy	LTS
PLCFRPT00013	Communication	CPS
PLDINPL00011	Consumer Staples	DNP
PLBRE0000012	Financials	MBK
PLBIG0000016	Financials	MIL
MXP001691213	Communication	AMXL
MXP320321310	Consumer Staples	FEMSAUBD
BMG2519Y1084	Financials	BAP
MXP370711014	Financials	GFNORTEO
MX01WA000038	Consumer Staples	WALMEX*
US55024U1097	Information Technology	LITE
US9255501051	Information Technology	VIAV
US31787A5074	Information Technology	FNSR
US2787681061	Information Technology	SATS
US90347A1007	Information Technology	UBNT
US45867G1013	Information Technology	IDCC
US20337X1090	Information Technology	COMM
US92552V1008	Information Technology	VSAT
US64115T1043	Information Technology	NTCT
US00401C1080	Information Technology	ACIA
US7274931085	Information Technology	PLT
US2546871060	Communication	DIS
AEN000101016	Financials	FAB
AEE000401019	Communication	ETISALAT
AEA000201011	Financials	ADCB
AEA002001013	Real Estate	ALDAR
AED000201015	Financials	DIB
AEE000301011	Real Estate	EMAAR
GB00B7FC0762	Health Care	NMC
AEDFXA0M6V00	Industrials	DPW
AED000701014	Energy	DANA
AED000601016	Industrials	DIC
AEA003001012	Industrials	AIRARABIA
AED001301012	Real Estate	DAMAC
AED000901010	Financials	DFM
AEA005901011	Financials	AMANAT
US6516391066	Materials	NEM
CA0679011084	Materials	ABX
AU000000NCM7	Materials	NCM
ZAE000043485	Materials	ANG
CA49741E1007	Materials	KL
CA0084741085	Materials	AEM
CA4969024047	Materials	K
ZAE000018123	Materials	GFI
US2044481040	Materials	BVN
ZAE000173951	Materials	SGL
CA0115321089	Materials	AGI
CA11777Q2099	Materials	BTO
CA98462Y1007	Materials	YRI
US0367521038	Health Care	ANTM
US1266501006	Health Care	CVS
US40412C1018	Health Care	HCA
US4448591028	Health Care	HUM
US50540R4092	Health Care	LH
US1255231003	Health Care	CI
US15135B1017	Health Care	CNC
US94946T1060	Health Care	WCG
US74834L1008	Health Care	DGX
US9139031002	Health Care	UHS
US60855R1005	Health Care	MOH
US74460D1090	Real Estate	PSA
US95040Q1040	Real Estate	WELL
US0534841012	Real Estate	AVB
US29476L1070	Real Estate	EQR
US92276F1003	Real Estate	VTR
US2971781057	Real Estate	ESS
US40414L1098	Real Estate	HCP
US59522J1034	Real Estate	MAA
US30225T1025	Real Estate	EXR
US9026531049	Real Estate	UDR
US46187W1071	Real Estate	INVH
US8666741041	Real Estate	SUI
US29472R1086	Real Estate	ELS
US1331311027	Real Estate	CPT
US6819361006	Real Estate	OHI
US03748R7540	Real Estate	AIV
US58463J3041	Real Estate	MPW
US68389X1054	Information Technology	ORCL
IE00BZ12WP82	Materials	LIN
US26614N1028	Materials	DD
US0091581068	Materials	APD
US2788651006	Materials	ECL
US2605571031	Materials	DOW
US6935061076	Materials	PPG
NL0009434992	Materials	LYB
US22052L1044	Materials	CTVA
US6703461052	Materials	NUE
US35671D8570	Materials	FCX
US4595061015	Materials	IFF
US1508701034	Materials	CE
CA3518581051	Materials	FNV
US0351282068	Materials	AU
US7802871084	Materials	RGLD
AU000000NST8	Materials	NST
AU000000EVN4	Materials	EVN
US38059T1060	Materials	GFI
US6541061031	Consumer Discretionary	NKE
US1941621039	Consumer Staples	CL
US4943681035	Consumer Staples	KMB
ZAE000015889	Consumer Discretionary	NPN
ZAE000109815	Financials	SBK
ZAE000066304	Financials	FSR
ZAE000006896	Materials	SOL
ZAE000042164	Communication	MTN
ZAE000070660	Financials	SLM
ZAE000255915	Financials	ABG
ZAE000255360	Financials	OMU
ZAE000216537	Consumer Staples	BID
ZAE000026480	Financials	REM
KR7005930003	Information Technology	005930
KR7000660001	Information Technology	000660
KR7005380001	Consumer Discretionary	005380
KR7005490008	Materials	005490
KR7055550008	Financials	055550
KR7105560007	Financials	105560
KR7068270008	Health Care	068270
KR7035420009	Communication	035420
KR7051910008	Materials	051910
KR7012330007	Consumer Discretionary	012330
KYG875721634	Communication	700
US64110L1061	Communication	NFLX
US20030N1019	Communication	CMCSA
JP3436100006	Communication	9984
US16119P1084	Communication	CHTR
US0304201033	Utilities	AWK
US98419M1009	Industrials	XYL
CH0030170408	Industrials	GEBN
US45167R1041	Industrials	IEX
FR0000124141	Utilities	VIE
GB0004052071	Information Technology	HLMA
US03836W1036	Utilities	WTR
GB00B39J2M42	Utilities	UU.
GB00B1FH8J72	Utilities	SVT
FR0010613471	Utilities	SEV
CA0158571053	Utilities	AQN
HK0270001396	Utilities	270
SE0000695876	Industrials	ALFA
IE00BLS09M33	Industrials	PNR
US88162G1031	Industrials	TTEK
US20441A1025	Utilities	SBS
MYL1295OO004	Financials	PBBANK
MYL5347OO009	Utilities	TENAGA
MYL1155OO000	Financials	MAYBANK
MYL1023OO000	Financials	CIMB
MYL5183OO008	Materials	PCHEM
MYL6947OO005	Communication	DIGI
MYL3182OO002	Consumer Discretionary	GENTING
MYL6888OO001	Communication	AXIATA
MYL6012OO008	Communication	MAXIS
MYL5225OO007	Health Care	IHH
MYL5819OO007	Financials	HLBANK
MYL7277OO006	Energy	DIALOG
MYL4065OO008	Consumer Staples	PPB
MYL4707OO005	Consumer Staples	NESTLE
MYL2445OO004	Consumer Staples	KLK
MYL6033OO004	Utilities	PETGAS
MYL5285OO001	Consumer Staples	SIMEPLT
US04269X1054	Health Care	ARRY
US8036071004	Health Care	SRPT
US31572Q8087	Health Care	FGEN
US60468T1051	Health Care	MRTX
US30161Q1040	Health Care	EXEL
US75886F1075	Health Care	REGN
US02043Q1076	Health Care	ALNY
US09609G1004	Health Care	BLUE
US8125781026	Health Care	SGEN
US84652J1034	Health Care	ONCE
US4622601007	Health Care	IOVA
JP3197600004	Health Care	4528
JP3463000004	Health Care	4502
US1101221083	Health Care	BMY
FR0000120578	Health Care	SAN
US46185L1035	Health Care	NVTA
US00434H1086	Health Care	XLRN
DE0006632003	Health Care	MOR
US7370101088	Health Care	PTLA
US60770K1079	Health Care	MRNA
FR0000120271	Energy	FP
FR0000121014	Consumer Discretionary	MC
NL0000235190	Industrials	AIR
FR0000120073	Materials	AI
FR0000131104	Financials	BNP
FR0000125486	Industrials	DG
FR0000120644	Consumer Staples	BN
FR0000120628	Financials	CS
FR0000121972	Industrials	SU
FR0000073272	Industrials	SAF
FR0000121485	Consumer Discretionary	KER
FR0000120693	Consumer Staples	RI
FR0000121667	Consumer Discretionary	EL
CA7800871021	Financials	RY
CA8911605092	Financials	TD
CA29250N1050	Energy	ENB
CA1363751027	Industrials	CNR
CA0641491075	Financials	BNS
CA8672241079	Energy	SU
CA0636711016	Financials	BMO
CA87807B1076	Energy	TRP
CA1125851040	Financials	BAM.A
CA56501R1064	Financials	MFC
CA1360691010	Financials	CM
CA13645T1003	Industrials	CP
CA1363851017	Energy	CNQ
CA67077M1086	Materials	NTR
CA82509L1076	Information Technology	SHOP
NL0010273215	Information Technology	ASML
NL0011821202	Financials	INGA
NL0000009538	Health Care	PHIA
NL0009538784	Information Technology	NXPI
NL0000009827	Materials	DSM
NL0011794037	Consumer Staples	AD
NL0013267909	Materials	AKZAT
NL0000395903	Industrials	WKL
NL0000009165	Consumer Staples	HEIA
GB00BDCPN049	Consumer Staples	CCEP
NL0010773842	Financials	NN
NL0000009082	Communication	KPN
US88579Y1010	Industrials	MMM
AN8068571086	Energy	SLB
US8825081040	Information Technology	TXN
DE0007164600	Information Technology	SAP
DE0008404005	Financials	ALV
DE0007236101	Industrials	SIE
ES0113900J37	Financials	SAN
DE000BASF111	Materials	BAS
DE000BAY0017	Health Care	BAYN
ES0144580Y14	Utilities	IBE
DE000A1EWWW0	Consumer Discretionary	ADS
CA9628791027	Materials	WPM
GB00B2QPKJ12	Materials	FRES
CA32076V1031	Materials	FR
MXP554091415	Materials	PE&OLES*
CA2849025093	Materials	ELD
CA55903Q1046	Materials	MAG
US1921085049	Materials	CDE
JP3116700000	Materials	5857
US4227041062	Materials	HL
GB00B1FW5029	Materials	HOC
CA2652692096	Materials	DPM
CA8119161054	Materials	SEA
US58039P1075	Materials	MUX
IL0010824113	Information Technology	CHKP
IL0006046119	Financials	LUMI
US8816242098	Health Care	TEVA
IL0006625771	Financials	POLI
IL0002730112	Information Technology	NICE
IL0011301780	Information Technology	WIX
IL0006912120	Financials	DSCT
IL0011334468	Information Technology	CYBR
IL0010811243	Industrials	ESLT
IL0006954379	Financials	MZTF
IL0002810146	Materials	ICL
IL0011194789	Real Estate	AZRG
US4062161017	Energy	HAL
US05722G1004	Energy	BHGE
GB00BDSFG982	Energy	FTI
US6370711011	Energy	NOV
US4234521015	Energy	HP
CH0048265513	Energy	RIG
US03755L1044	Energy	APY
US7034811015	Energy	PTEN
NL0000200384	Energy	CLB
US6752321025	Energy	OII
GB00BJVJZD68	Energy	ESV
US2620371045	Energy	DRQ
PAL1201471A1	Energy	MDR
FI0009000681	Information Technology	NOKIA
FI0009003305	Financials	SAMPO
FI0009013403	Industrials	KNEBV
FI0009005987	Materials	UPM
FI0009007132	Utilities	FORTUM
FI0009007884	Communication	ELISA
FI0009013296	Energy	NESTE
FI0009005961	Materials	STERV
FI0009003727	Industrials	WRT1V
FI0009007835	Industrials	METSO
FI0009000459	Materials	HUH1V
FI0009014377	Health Care	ORNBV
FI0009000202	Consumer Staples	KESKOB
FI0009005318	Consumer Discretionary	TYRES
FI4000074984	Industrials	VALMT
AT0000652011	Financials	EBS
AT0000743059	Energy	OMV
AT0000606306	Financials	RBI
AT0000A21KS2	Real Estate	IIA
AT0000831706	Materials	WIE
AT0000641352	Real Estate	CAI
AT0000937503	Materials	VOE
AT0000730007	Industrials	ANDR
AT0000BAWAG2	Financials	BG
AT0000644505	Materials	LNZ
AT0000720008	Communication	TKA
AT0000APOST4	Industrials	POST
AT0000821103	Financials	UQA
AT0000652250	Real Estate	SPI
AT0000908504	Financials	VIG
AT0000946652	Energy	SBO
US03027X1000	Real Estate	AMT
US74340W1036	Real Estate	PLD
US29444U7000	Real Estate	EQIX
US8288061091	Real Estate	SPG
US2538681030	Real Estate	DLR
US7561091049	Real Estate	O
US1011211018	Real Estate	BXP
US0152711091	Real Estate	ARE
US44107P1049	Real Estate	HST
US4655621062	Financials	ITUB
US91912E1055	Materials	VALE
US0594603039	Financials	BBD
US71654V1017	Energy	PBRA
US71654V4086	Energy	PBR
US02319V1035	Consumer Staples	ABEV
MXP370841019	Materials	GMEXICOB
US6174464486	Financials	MS
US6311031081	Financials	NDAQ
US57060D1081	Financials	MKTX
US45866F1049	Financials	ICE
US12503M1080	Financials	CBOE
US7547301090	Financials	RJF
US2692464017	Financials	ETFC
US87236Y1082	Financials	AMTD
US8085131055	Financials	SCHW
US50212V1008	Financials	LPLA
BMG540501027	Financials	LAZ
US45841N1072	Financials	IBKR
US8606301021	Financials	SF
US29977A1051	Financials	EVR
DE000A1ML7J1	Real Estate	VNA
FR0013326246	Real Estate	URW
DE000A0HN5C6	Real Estate	DWNI
GB00B5ZN1N88	Real Estate	SGRO
FR0010040865	Real Estate	GFC
GB00BYW0PQ60	Real Estate	LAND
DE000LEG1110	Real Estate	LEG
CH0008038389	Real Estate	SPSN
GB0001367019	Real Estate	BLND
FR0000121964	Real Estate	LI
LU1673108939	Real Estate	AT1
SE0000379190	Real Estate	CAST
AU000000TCL6	Industrials	TCL
ES0105046009	Industrials	AENA
US65339F1012	Utilities	NEE
US26441C2044	Utilities	DUK
US25746U1097	Utilities	D
US8425871071	Utilities	SO
FR0010533075	Industrials	GET
US49456B1017	Energy	KMI
US30161N1019	Utilities	EXC
US9694571004	Energy	WMB
NZAIAE0002S6	Industrials	AIA
US0255371017	Utilities	AEP
FR0010340141	Industrials	ADP
US20825C1045	Energy	COP
US26875P1012	Energy	EOG
US7185461040	Energy	PSX
US6745991058	Energy	OXY
US56585A1025	Energy	MPC
US0325111070	Energy	APC
US91913Y1001	Energy	VLO
CNE1000002H1	Financials	939
CNE1000003X6	Financials	2318
CNE1000003G1	Financials	1398
HK0941009539	Communication	941
KYG596691041	Consumer Discretionary	3690
CNE1000001Z5	Financials	3988
HK0883013259	Energy	883
CNE1000002L3	Financials	2628
CNE1000002M1	Financials	3968
CNE1000002Q2	Energy	386
HK0688002218	Real Estate	688
CNE100003688	Communication	788
CNE100000Q43	Financials	1288
US6826801036	Energy	OKE
US7237871071	Energy	PXD
US20605P1012	Energy	CXO
US25278X1090	Energy	FANG
US42809H1077	Energy	HES
US16411R2085	Energy	LNG
US25179M1036	Energy	DVN
US5658491064	Energy	MRO
US6550441058	Energy	NBL
US0374111054	Energy	APA
US1270971039	Energy	COG
US87612G1013	Energy	TRGP
MXP225611567	Materials	CEMEXCPO
MXCFFU000001	Real Estate	FUNO11
MXP4987V1378	Communication	TLEVISACPO
MX01GA000004	Industrials	GAPB
MXP495211262	Consumer Staples	BIMBOA
MXP370641013	Financials	GFINBURO
MXP001661018	Industrials	ASURB
US8168511090	Utilities	SRE
IE00B50QMP13	Cash and/or Derivatives	ICSUAGD
US98389B1008	Utilities	XEL
US7445731067	Utilities	PEG
US2091151041	Utilities	ED
US92939U1060	Utilities	WEC
US30040W1080	Utilities	ES
US2333311072	Utilities	DTE
US69351T1060	Utilities	PPL
US3379321074	Utilities	FE
US2810201077	Utilities	EIX
US29364G1031	Utilities	ETR
US0236081024	Utilities	AEE
US1258961002	Utilities	CMS
US22822V1017	Real Estate	CCI
US78410G1040	Real Estate	SBAC
US67066G1040	Information Technology	NVDA
US7475251036	Information Technology	QCOM
JP3633400001	Consumer Discretionary	7203
DE0007100000	Consumer Discretionary	DAI
US3453708600	Consumer Discretionary	F
JP3854600008	Consumer Discretionary	7267
IE00BY7QL619	Industrials	JCI
DE0007664039	Consumer Discretionary	VOW3
US88160R1014	Consumer Discretionary	TSLA
NO0010096985	Energy	EQNR
NO0010031479	Financials	DNB
NO0010063308	Communication	TEL
NO0003054108	Consumer Staples	MOWI
NO0010208051	Materials	YAR
NO0003733800	Consumer Staples	ORK
NO0005052605	Materials	NHY
NO0010582521	Financials	GJF
NO0003053605	Financials	STB
NO0010345853	Energy	AKERBP
LU0075646355	Energy	SUBC
NO0005668905	Industrials	TOM
NO0003078800	Energy	TGS
US7433151039	Financials	PGR
US59156R1086	Financials	MET
US0268747849	Financials	AIG
US0010551028	Financials	AFL
US7443201022	Financials	PRU
US0200021014	Financials	ALL
US89417E1091	Financials	TRV
US4165151048	Financials	HIG
US3635761097	Financials	AJG
US1720621010	Financials	CINF
US5705351048	Financials	MKL
BMG0450A1053	Financials	ACGL
US74251V1026	Financials	PFG
US5404241086	Financials	L
US5341871094	Financials	LNC
AU000000BHP4	Materials	BHP
GB0007188757	Materials	RIO
GB00BH0P3Z91	Materials	BHP
JE00B4T3BW64	Materials	GLEN
GB00B1XZS820	Materials	AAL
JP3371200001	Materials	4063
GB00B03MLX29	Energy	RDSA
GB0007980591	Energy	BP.
GB00B03MM408	Energy	RDSB
US5801351017	Consumer Discretionary	MCD
US8552441094	Consumer Discretionary	SBUX
US09857L1089	Consumer Discretionary	BKNG
US8725401090	Consumer Discretionary	TJX
KW0EQ0100010	Financials	NBK
KW0EQ0100085	Financials	KFH
BH0005508765	Financials	AUB
KE1000001402	Communication	SCOM
MA0000011488	Communication	IAM
VN000000VIC9	Real Estate	VIC
KW0EQ0601058	Communication	ZAIN
ROTLVAACNOR1	Financials	TLV
VN000000VNM8	Consumer Staples	VNM
MA0000011926	Financials	ATW
BD0473SQPH00	Health Care	SQURPHARMA
GB00BDR05C01	Utilities	NG.
FR0010208488	Utilities	ENGI
NZATME0002S8	Consumer Staples	ATM
NZFAPE0001S2	Health Care	FPH
NZRYME0001S4	Health Care	RYM
NZFBUE0001S0	Materials	FBU
NZMRPE0001S2	Utilities	MCY
NZIFTE0003S3	Utilities	IFT
NZCNUE0001S2	Communication	CNU
NZKPGE0001S9	Real Estate	KPG
NZZELE0001S1	Energy	ZEL
NZCPTE0001S9	Real Estate	GMT
NZAPTE0001S3	Real Estate	PCT
NZGNEE0001S7	Utilities	GNE
US00724F1012	Information Technology	ADBE
TW0002330008	Information Technology	2330
US70450Y1038	Information Technology	PYPL
GB0005405286	Financials	HSBA
GB0009252882	Health Care	GSK
GB0007099541	Financials	PRU
GB00B24CGK77	Consumer Staples	RB.
GB0008706128	Financials	LLOY
GB00B2B0DG97	Industrials	REL
DE0005557508	Communication	DTE
DE0008430026	Financials	MUV2
DE0005552004	Industrials	DPW
DE0005810055	Financials	DB1
QA0006929895	Financials	QNBK
QA000A0KD6K3	Industrials	IQCD
QA0006929853	Financials	QIBK
QA000A0M8VM3	Financials	MARK
QA0007227752	Financials	CBQK
QA000VSUG130	Materials	MPHC
QA0006929812	Utilities	QEWS
QA0001200771	Energy	QFLS
QA000A0KD6J5	Real Estate	BRES
QA000A0KD6L1	Energy	QGTS
QA0007227737	Communication	ORDS
QA0006929838	Financials	QATI
QA000A0NE8B4	Real Estate	ERES
QA0006929770	Financials	DHBK
QA0007227695	Industrials	QNNS
ES0178430E18	Communication	TEF
ES0113211835	Financials	BBVA
ES0148396007	Consumer Discretionary	ITX
ES0109067019	Information Technology	AMS
ES0173516115	Energy	REP
ES0118900010	Industrials	FER
ES0167050915	Industrials	ACS
ES0171996087	Health Care	GRF
ES0173093024	Utilities	REE
ES0140609019	Financials	CABK
ES0130670112	Utilities	ELE
ES0116870314	Utilities	NTGY
ES0113860A34	Financials	SAB
ES0105066007	Communication	CLNX
US79466L3024	Information Technology	CRM
RU0007661625	Energy	GAZP
US01609W1027	Consumer Discretionary	BABA
KYG8569A1067	Real Estate	1918
KR7005931001	Information Technology	005935
US3682872078	Energy	OGZD
US69343P1057	Energy	LKOD
US80585Y3080	Financials	SBER
BE0003810273	Communication	PROX
NL0000303709	Financials	AGN
FR0000130809	Financials	GLE
PTEDP0AM0009	Utilities	EDP
FR0000045072	Financials	ACA
FR0000131906	Consumer Discretionary	RNO
FR0000133308	Communication	ORA
FR0010411983	Financials	SCR
US2441991054	Industrials	DE
US0394831020	Consumer Staples	ADM
JP3266400005	Industrials	6326
US3024913036	Materials	FMC
US1252691001	Materials	CF
KYG960071028	Consumer Staples	288
US61945C1036	Materials	MOS
BMG169621056	Consumer Staples	BG
US0970231058	Industrials	BA
US9130171096	Industrials	UTX
US5024311095	Industrials	LHX
US5398301094	Industrials	LMT
US3695501086	Industrials	GD
US6668071029	Industrials	NOC
US8936411003	Industrials	TDG
US7551115071	Industrials	RTN
US8832031012	Industrials	TXT
US03965L1008	Industrials	ARNC
US8793601050	Industrials	TDY
US4464131063	Industrials	HII
US8485741099	Industrials	SPR
NL0000226223	Information Technology	STM
IE00BY9D5467	Health Care	AGN
US28414H1032	Health Care	ELAN
US98978V1035	Health Care	ZTS
NL0011031208	Health Care	MYL
US1488061029	Health Care	CTLT
IE00B4Q5ZN47	Health Care	JAZZ
IE00BGH1M568	Health Care	PRGO
IE00BQPVQZ61	Health Care	HZNP
IL0006290147	Health Care	TEVA
IL0010823792	Information Technology	TSEM
IL0003900136	Real Estate	ALHE
IL0002300114	Communication	BEZQ
IL0007460160	Consumer Staples	STRS
IL0004750209	Energy	DEDR.L
IL0005930388	Financials	FIBI
PHY8076N1120	Real Estate	SMPH
PHY0488F1004	Real Estate	ALI
PHY077751022	Financials	BDO
PHY0486V1154	Industrials	AC
PHY806761029	Industrials	SM
PHY444251177	Industrials	JGS
PHY9297P1004	Consumer Staples	URC
PHY411571011	Industrials	ICT
PHY4466S1007	Consumer Discretionary	JFC
PHY6028G1361	Financials	MBT
PHY0001Z1040	Industrials	AEV
PHY7072Q1032	Communication	TEL
PHY5764J1483	Utilities	MER
PHY290451046	Financials	GTCAP
PHY272571498	Communication	GLO
BE0003565737	Financials	KBC
BE0003739530	Health Care	UCB
BE0974264930	Financials	AGS
BE0003797140	Financials	GBLB
BE0003470755	Materials	SOLB
BE0974320526	Materials	UMI
BE0003818359	Health Care	GLPG
NL0010832176	Health Care	ARGX
BE0003764785	Financials	ACKB
BE0974256852	Consumer Staples	COLR
IT0001078911	Industrials	IP
IT0005090300	Communication	INW
IT0004776628	Financials	BMED
IT0003027817	Utilities	IRE
IT0005252728	Consumer Discretionary	BRE
IT0001031084	Financials	BGN
IT0005010423	Financials	CERV
IT0005282865	Information Technology	REY
IT0000784154	Financials	CASS
IT0005176406	Industrials	ENAV
IT0001049623	Industrials	IMA
IT0001137345	Consumer Discretionary	AGL
IT0003115950	Consumer Discretionary	DLG
IT0005162406	Consumer Discretionary	TGYM
IT0003201198	Industrials	SIS
IT0004764699	Consumer Discretionary	BC
IT0001157020	Utilities	ERG
IT0000084027	Industrials	AT
US0357104092	Financials	NLY
US00123Q1040	Financials	AGNC
US64828T2015	Financials	NRZ
US85571B1052	Financials	STWD
US09257W1009	Financials	BXMT
US90187B4086	Financials	TWO
US55272X1028	Financials	MFA
US16934Q2084	Financials	CIM
US03762U1051	Financials	ARI
US46131B1008	Financials	IVR
US5057431042	Financials	LADR
US41068X1000	Real Estate	HASI
US70931T1034	Financials	PMT
US7580754023	Financials	RWT
DE000A12DM80	Communication	G24
DE0007030009	Industrials	RHM
DE0006452907	Information Technology	NEM
DE0005664809	Health Care	EVT
DE000PSM7770	Communication	PSM
DE000KSAG888	Materials	SDF
DE000LED4000	Industrials	OSR
DE0005158703	Information Technology	BC8
GB0059822006	Information Technology	DLG
DE0008303504	Real Estate	TEG
DE000A161N30	Financials	GLJ
SA0007879113	Financials	1120
SA0007879121	Materials	2010
SA13L050IE10	Financials	1180
SA0007879048	Financials	1010
SA0007879097	Financials	1090
SA0007879543	Communication	7010
SA123GA0ITH7	Materials	1211
SA0007879782	Financials	1050
SA122050HV19	Financials	1150
SA0007879139	Materials	2020
SA0007879550	Utilities	5110
SA0007879089	Financials	1060
SA000A0ETHT1	Consumer Staples	2280
SA000A0HNF36	Materials	2290
US9024941034	Consumer Staples	TSN
US4404521001	Consumer Staples	HRL
GB0006731235	Consumer Staples	ABF
SG1T56930848	Consumer Staples	F34
AU000000RIO1	Materials	RIO
RU0009024277	Energy	LKOH
RU0009029540	Financials	SBER
RU0009033591	Energy	TATN
US6698881090	Energy	NVTK
RU0007288411	Materials	GMKN
US55953Q2021	Consumer Staples	MGNT
US6074091090	Communication	MBT
US98387E2054	Consumer Staples	FIVE
RU0009029524	Energy	SNGSP
RU0009046510	Materials	CHMF
RU0007252813	Materials	ALRS
RU000A0JNAA8	Materials	PLZL
RU0009046452	Materials	NLMK
RU000A0JPNM1	Utilities	IRAO
JE00B6T5S470	Materials	POLY
US67812M2070	Energy	ROSN
US84265V1052	Materials	SCCO
PAL1801171A1	Consumer Staples	INRETC1
PAP5626F1020	Financials	IFS
PEP214001005	Consumer Staples	ALICORC1
PEP702521001	Utilities	LUSURC1
PEP736001004	Industrials	FERREYC1
PEP622005002	Materials	MINSURI1
PEP116001004	Financials	BBVAC1
PEP239501005	Materials	CPACASC1
PEP239001006	Materials	UNACEMC1
PEP648014202	Materials	VOLCABC1
PEP646501002	Materials	CVERDEC1
CLP3880F1085	Consumer Discretionary	FALABELLA
BMG7496G1033	Financials	RNR
US4771431016	Industrials	JBLU
PAP310761054	Industrials	CPA
BMG491BT1088	Financials	IVZ
US92553P2011	Communication	VIAB
US0259321042	Financials	AFG
US05351W1036	Utilities	AGR
US49446R1095	Real Estate	KIM
US8960475031	Communication	TRCO
US4990491049	Industrials	KNX
PR7331747001	Financials	BPOP
US1255818015	Financials	CIT
US7005171050	Real Estate	PK
US06417N1037	Financials	OZK
US5218652049	Consumer Discretionary	LEA
US2575592033	Materials	UFS
US8965221091	Industrials	TRN
US6267171022	Energy	MUR
US80689H1023	Industrials	SNDR
AU000000CSL8	Health Care	CSL
AU000000WOW2	Consumer Staples	WOW
AU000000WES1	Consumer Discretionary	WES
AU000000MQG1	Financials	MQG
SG1S04926220	Financials	O39
SG1M31001969	Financials	UOB
SG1U68934629	Industrials	BN4
SG1M77906915	Real Estate	A17U
SG1F60858221	Industrials	S63
SG1J26887955	Financials	S68
SG1N31909426	Industrials	C52
SGXE21576413	Consumer Discretionary	G13
SG1V61937297	Industrials	C6L
SG1J27887962	Real Estate	C31
SG0531000230	Information Technology	V03
SG1Q52922370	Real Estate	T82U
SG1R89002252	Real Estate	C09
SG1S83002349	Real Estate	U14
SG1U76934819	Industrials	BS6
SG1B51001017	Consumer Discretionary	C07
SG1I52882764	Industrials	S58
US09247X1019	Financials	BLK
BRAZULACNPR4	Industrials	AZUL4
BRESTCACNOR5	Consumer Discretionary	ESTC3
BRBRAPACNPR2	Materials	BRAP4
BRTOTSACNOR8	Information Technology	TOTS3
BRCVCBACNOR1	Consumer Discretionary	CVCB3
BRTAEECDAM10	Utilities	TAEE11
BRMRVEACNOR2	Consumer Discretionary	MRVE3
BRENBRACNOR2	Utilities	ENBR3
BRCYREACNOR7	Consumer Discretionary	CYRE3
BRVVARACNOR1	Consumer Discretionary	VVAR3
BRLINXACNOR0	Information Technology	LINX3
BRSAPRCDAM13	Utilities	SAPR11
BRCESPACNPB4	Utilities	CESP6
BRCPLEACNPB9	Utilities	CPLE6
BRQUALACNOR6	Health Care	QUAL3
BRBRSRACNPB4	Financials	BRSR6
BRODPVACNOR4	Health Care	ODPV3
BRLCAMACNOR3	Industrials	LCAM3
BRGOAUACNPR8	Materials	GOAU4
BRCSMGACNOR5	Utilities	CSMG3
BRFLRYACNOR5	Health Care	FLRY3
AU000000GMG2	Real Estate	GMG
AU000000SCG8	Real Estate	SCG
AU000000DXS1	Real Estate	DXS
HK0017000149	Real Estate	17
AU000000MGR9	Real Estate	MGR
JP3027670003	Real Estate	8951
AU000000GPT8	Real Estate	GPT
KYG9593A1040	Real Estate	1997
JP3027680002	Real Estate	8952
BMG4587L1090	Real Estate	H78
AU000000SGP0	Real Estate	SGP
TRAGARAN91N1	Financials	GARAN
TRAAKBNK91N6	Financials	AKBNK
TREBIMM00018	Consumer Staples	BIMAS
TRATCELL91M1	Communication	TCELL
TRATUPRS91E8	Energy	TUPRS
TRAKCHOL91Q8	Industrials	KCHOL
TRAEREGL91G3	Materials	EREGL
TRAISCTR91N2	Financials	ISCTR
TRASAHOL91Q5	Financials	SAHOL
TRATHYAO91M5	Industrials	THYAO
TRAASELS91H2	Industrials	ASELS
TRETAVH00018	Industrials	TAVHL
TRAOTOSN91H6	Consumer Discretionary	FROTO
TRAAEFES91A9	Consumer Staples	AEFES
TRAARCLK91H5	Consumer Discretionary	ARCLK
TRASISEW91Q3	Industrials	SISE
MX01KO000002	Consumer Staples	KOFUBL
MXP000511016	Industrials	ALFAA
MX41BS060005	Financials	BSMXB
MXP606941179	Consumer Staples	KIMBERA
US4612021034	Information Technology	INTU
US81762P1021	Information Technology	NOW
US0527691069	Information Technology	ADSK
US00507V1098	Communication	ATVI
US98138H1014	Information Technology	WDAY
US7565771026	Information Technology	RHT
US2855121099	Communication	EA
US1491231015	Industrials	CAT
TRETKHO00012	Industrials	TKFEN
TRAPETKM91E0	Materials	PETKM
TRETHAL00019	Financials	HALKB
IE0001827041	Materials	CRG
IE0004906560	Consumer Staples	KRZ
IE00BWT6H894	Consumer Discretionary	FLTR
IE00B1RR8406	Materials	SK3
IE0004927939	Industrials	KRX
IE0005711209	Health Care	ICLR
IE00BF0L3536	Financials	A5G
IE0000669501	Consumer Staples	GL9
IE00BD1RP616	Financials	BIRG
IE00B00MZ448	Industrials	GFTU
IE00B010DT83	Consumer Staples	GCC
IE00BBR67J55	Real Estate	GN1
IE00BGHQ1986	Real Estate	HBRN
IE00BWY4ZF18	Consumer Discretionary	C5H
IE00BJMZDW83	Consumer Discretionary	DHG
IE00BJ34P519	Real Estate	IRES
CLP371861061	Utilities	ENELAM
CLP1506A1070	Financials	BSANTANDER
CLP7847L1080	Energy	COPEC
CLP0939W1081	Financials	CHILE
CLP8716X1082	Materials	SQM.B
CLP321331116	Financials	BCI
CL0000000423	Industrials	LTM
CL0000001314	Materials	CMPC
CL0002266774	Utilities	ENELCHILE
CLP249051044	Consumer Staples	CCU
CLP763281068	Real Estate	PARAUCO
CLP3615W1037	Utilities	COLBUN
CLP371151059	Communication	ENTEL
CL0000000035	Utilities	AGUAS.A
CL0002262351	Financials	ITAUCORP
CLP3697S1034	Consumer Staples	ANDINA.B
ZAE000004875	Financials	NED
DE0005190003	Consumer Discretionary	BMW
GB0004544929	Consumer Staples	IMB
GB0030913577	Communication	BT.A
GB0005603997	Financials	LGEN
US6475811070	Corporates	EDU
GB00BZ4BQC70	Corporates	JMAT
JP3783600004	Corporates	9020
GB0006776081	Corporates	PSON
JP3566800003	Corporates	9022
GB00B02L3W35	Corporates	BKG
US1510201049	Corporates	CELG
DE000ENAG999	Utilities	EOAN
DE0006231004	Information Technology	IFX
US4385161066	Industrials	HON
US11135F1012	Information Technology	AVGO
US0326541051	Information Technology	ADI
US0382221051	Information Technology	AMAT
US0079031078	Information Technology	AMD
US9839191015	Information Technology	XLNX
US5128071082	Information Technology	LRCX
US8740391003	Information Technology	TSM
US5950171042	Information Technology	MCHP
US4824801009	Information Technology	KLAC
US57772K1016	Information Technology	MXIM
BMG5876H1051	Information Technology	MRVL
USN070592100	Information Technology	ASML
US83088M1027	Information Technology	SWKS
IE00B4BNMY34	Information Technology	ACN
US3696041033	Industrials	GE
GB0031348658	Financials	BARC
US8715031089	Information Technology	SYMC
US7434241037	Information Technology	PFPT
US2561631068	Information Technology	DOCU
US98980G1022	Information Technology	ZS
US34959E1091	Information Technology	FTNT
US6974351057	Information Technology	PANW
US1773761002	Information Technology	CTXS
JP3637300009	Information Technology	4704
US1271903049	Information Technology	CACI
US0995021062	Information Technology	BAH
US8086251076	Information Technology	SAIC
US6792951054	Information Technology	OKTA
US9285634021	Information Technology	VMW
US31816Q1013	Information Technology	FEYE
US29978A1043	Information Technology	EVBG
US74758T3032	Information Technology	QLYS
GB00BYT5JK65	Information Technology	MIME
US7534221046	Information Technology	RPD
ID1000109507	Financials	BBCA
ID1000118201	Financials	BBRI
ID1000129000	Communication	TLKM
ID1000122807	Consumer Discretionary	ASII
ID1000095003	Financials	BMRI
ID1000096605	Financials	BBNI
ID1000095706	Consumer Staples	UNVR
ID1000061302	Materials	INTP
ID1000106800	Materials	SMGR
ID1000068604	Consumer Staples	GGRM
ID1000117708	Consumer Staples	CPIN
